Name,Temp,Clouds,Date,Humidity,Lat,Lng,Max Temp,Wind Speed
Butaritari,79.33,92,1551653062,100,3.07,172.79,79.33,10.45
Komsomolskiy,-13.02,20,1551653063,39,67.55,63.78,-13.02,5.64
Konanur,66.05,0,1551653064,86,12.63,76.05,66.05,2.95
Forbes,84.0,0,1551652826,41,-33.38,148.01,84.0,5.01
Provideniya,30.2,90,1551650400,92,64.42,-173.23,30.2,33.55
Tiksi,-5.14,44,1551653063,67,71.64,128.87,-5.14,9.22
Saint-Philippe,28.4,40,1551653034,63,45.36,-73.48,30.2,6.93
Los Llanos de Aridane,60.03,75,1551652332,68,28.66,-17.92,64.4,9.17
Rikitea,79.51,68,1551652992,100,-23.12,-134.97,79.51,12.24
Busselton,61.38,0,1551652811,43,-33.64,115.35,64.99,18.39
Nanortalik,27.08,80,1551653068,100,60.14,-45.24,27.08,7.99
Albany,32.94,90,1551652743,44,42.65,-73.75,37.4,5.82
Antsohihy,74.78,44,1551653069,91,-14.88,47.99,74.78,4.18
Jamestown,76.54,48,1551652781,78,-33.21,138.6,76.54,4.63
Salalah,77.0,20,1551649800,61,17.01,54.1,77.0,4.7
Hobart,62.46,0,1551652996,55,-42.88,147.33,64.0,8.05
Bjornevatn,10.71,0,1551651600,65,69.67,29.98,14.0,27.51
Pangnirtung,-9.55,64,1551653072,66,66.15,-65.72,-9.55,0.94
Redlands,58.75,75,1551652934,59,34.06,-117.19,64.99,4.7
Mataura,68.0,0,1551652805,56,-46.19,168.86,68.0,8.01
Te Anau,62.23,0,1551653077,49,-45.41,167.72,62.23,13.58
Bredasdorp,59.85,0,1551652241,82,-34.53,20.04,62.6,3.36
Wajid,75.95,8,1551653078,54,3.81,43.25,75.95,10.89
Hilo,69.94,90,1551653069,68,19.71,-155.08,77.0,10.29
Mezen,5.08,64,1551653079,75,65.85,44.24,5.08,2.62
Remanso,79.69,8,1551653079,94,-9.62,-42.08,79.69,11.01
Georgetown,78.8,40,1551650400,83,6.8,-58.16,78.8,11.41
Minna,77.62,56,1551653082,70,9.62,6.55,77.62,2.95
Kapaa,72.63,90,1551652706,60,22.08,-159.32,75.2,18.34
Peniche,58.44,90,1551652932,87,39.36,-9.38,59.0,9.17
Luena,66.01,8,1551653083,81,-11.78,19.91,66.01,4.41
Mae Sot,62.9,0,1551653084,86,16.71,98.57,62.9,1.83
Ribeira Grande,55.4,75,1551650400,76,38.52,-28.7,55.4,6.93
Manokwari,80.0,56,1551653085,100,-0.87,134.08,80.0,7.99
Lagos,82.4,0,1551650400,88,6.46,3.39,82.4,9.78
Havoysund,22.77,90,1551651600,92,71.0,24.66,24.8,39.15
Jiuquan,4.72,0,1551653087,46,39.73,98.49,4.72,2.95
Lubango,60.16,32,1551653087,88,-14.92,13.49,60.16,0.94
Husavik,1.62,56,1551653045,76,50.56,-96.99,3.0,8.01
Cape Town,65.32,0,1551652973,88,-33.93,18.42,66.99,2.24
Dikson,-5.14,36,1551653089,95,73.51,80.55,-5.14,24.32
Lazaro Cardenas,81.27,5,1551652961,16,28.39,-105.62,82.4,12.75
Synya,-3.57,24,1551653090,74,65.37,58.04,-3.57,7.2
East London,74.83,0,1551653091,100,-33.02,27.91,74.83,16.37
Thompson,6.8,90,1551650400,65,55.74,-97.86,6.8,18.34
Ancud,53.6,90,1551650400,87,-41.87,-73.83,53.6,4.7
Qaanaaq,-6.67,0,1551653093,85,77.48,-69.36,-6.67,10.45
Okhotsk,1.39,0,1551653083,100,59.36,143.24,1.39,7.43
Torbay,22.19,90,1551652704,85,47.66,-52.73,24.01,20.8
Grindavik,37.72,0,1551652755,80,63.84,-22.43,39.2,21.92
Vaini,58.09,0,1551652835,85,15.34,74.49,58.09,1.16
Carballo,54.52,40,1551652806,71,43.21,-8.69,57.0,14.99
Saint-Augustin,63.7,0,1551652928,31,44.83,-0.61,68.0,12.75
Beloha,71.41,0,1551653096,90,-25.17,45.06,71.41,3.51
Ginda,28.03,0,1551653097,88,30.69,78.49,28.03,2.51
Kaitangata,69.61,0,1551653060,67,-46.28,169.85,69.61,10.45
Hirara,67.12,75,1551650400,77,24.8,125.28,68.0,6.93
Victoria,78.01,75,1551650400,100,5.28,115.24,78.8,4.29
Saskylakh,-19.27,76,1551653033,54,71.97,114.09,-19.27,3.96
Galle,42.6,90,1551653013,65,29.74,-97.91,46.99,24.16
Port Alfred,66.99,0,1551652763,91,-33.59,26.89,66.99,8.77
Pisco,71.6,40,1551650400,30,-13.71,-76.2,71.6,18.34
Xushan,45.77,75,1551653039,65,30.18,121.25,46.99,8.95
Narsaq,28.4,68,1551649800,50,60.91,-46.05,28.4,6.93
Jiayuguan,4.72,0,1551653112,46,39.77,98.29,4.72,2.95
Tuktoyaktuk,15.8,90,1551650400,85,69.44,-133.03,15.8,18.34
Putina,57.2,75,1551650400,50,-14.91,-69.87,57.2,8.05
Upernavik,8.95,32,1551653113,100,72.79,-56.15,8.95,3.29
Mehamn,21.2,75,1551649800,85,71.03,27.85,21.2,28.86
Ogori,80.14,36,1551653117,72,7.33,7.84,80.14,11.12
Punta Arenas,51.39,20,1551652992,53,-53.16,-70.91,51.8,21.92
Olinda,87.91,40,1551651422,66,-2.03,-79.75,88.0,6.93
Khatanga,-1.99,32,1551652998,70,71.98,102.47,-1.99,17.27
Yellowknife,12.2,20,1551650400,36,62.45,-114.38,12.2,6.93
Lompoc,59.09,90,1551653018,82,34.64,-120.46,62.6,5.82
Zabol,45.85,12,1551653120,100,31.03,61.49,45.85,2.73
Colares,58.55,75,1551653106,87,38.8,-9.45,59.0,11.41
Bluff,78.65,0,1551653000,58,-23.58,149.07,78.65,13.8
New Norfolk,62.46,0,1551653116,55,-42.78,147.06,64.0,8.05
Cherskiy,-10.72,32,1551653126,71,68.75,161.3,-10.72,6.76
Yangjiang,69.79,100,1551653127,100,21.85,111.96,69.79,14.7
Ponta do Sol,66.68,80,1551653127,93,-20.63,-46.0,66.68,5.64
Lebu,62.6,40,1551650400,67,8.96,38.73,62.6,9.17
Sao Filipe,71.77,0,1551653040,91,14.9,-24.5,71.77,16.82
Mufulira,74.11,76,1551653129,57,-12.55,28.24,74.11,7.43
Westport,40.15,56,1551652984,81,53.8,-9.52,44.01,8.66
Puerto Ayora,86.0,40,1551650400,70,-0.74,-90.35,86.0,11.41
Eureka,54.07,90,1551653053,100,40.8,-124.16,55.4,10.29
Nikolskoye,14.68,20,1551653108,92,59.7,30.79,17.01,4.47
Caruray,75.2,20,1551650400,83,10.31,119.01,75.2,4.7
Laurel,2.77,1,1551652590,59,45.67,-108.77,5.0,6.93
Socorro,72.0,68,1551652218,94,13.06,121.41,72.0,1.39
Meulaboh,78.61,0,1551653133,100,4.14,96.13,78.61,3.51
Ternate,76.98,20,1551652984,73,14.29,120.72,78.01,2.24
Gamba,-15.85,24,1551653134,38,28.28,88.52,-15.85,3.51
Eyl,76.72,92,1551653134,99,7.98,49.82,76.72,11.34
Omsukchan,-10.23,80,1551653135,63,62.53,155.8,-10.23,5.64
Guanambi,70.01,64,1551653135,83,-14.22,-42.78,70.01,4.97
Ahipara,79.0,8,1551652023,72,-35.17,173.16,79.0,6.2
Tezu,47.56,92,1551653136,96,27.93,96.16,47.56,1.95
Deputatskiy,-31.2,0,1551653136,49,69.3,139.9,-31.2,2.73
Hermanus,61.34,0,1551652243,95,-34.42,19.24,64.0,2.95
Grand-Lahou,79.91,0,1551653137,77,5.24,-5.0,79.91,6.87
Ushuaia,52.61,40,1551650400,50,-54.81,-68.31,53.6,16.82
Pacific Grove,55.11,90,1551653137,100,36.62,-121.92,60.01,12.75
Leningradskiy,15.97,68,1551653051,94,69.38,178.42,15.97,18.05
College,22.23,90,1551653045,85,64.86,-147.8,25.0,3.62
Coihaique,51.58,40,1551650400,50,-45.58,-72.07,53.6,4.7
Valleyview,5.93,0,1551653140,61,55.07,-117.28,5.93,3.51
Ilulissat,19.4,64,1551649800,79,69.22,-51.1,19.4,6.93
Steti,47.95,75,1551653125,61,50.45,14.37,50.0,8.05
Kachug,9.85,76,1551653142,93,53.96,105.89,9.85,2.39
Montague,21.43,20,1551653116,67,46.17,-62.65,23.0,3.36
Tabou,83.65,8,1551653142,95,4.42,-7.36,83.65,9.78
Atuona,81.49,0,1551653143,100,-9.8,-139.03,81.49,12.12
Tarko-Sale,23.0,88,1551652921,90,64.92,77.78,23.0,17.49
Kisiwani,66.19,44,1551653143,93,-4.13,37.95,66.19,2.73
Pak Phanang,77.53,20,1551653144,100,8.35,100.2,77.53,4.74
Banda Aceh,71.59,0,1551652935,98,5.56,95.32,71.59,2.28
Kodiak,7.32,1,1551653025,16,39.95,-94.76,10.99,12.75
Coahuayana,87.2,68,1551653145,28,18.62,-100.35,87.2,2.95
Fonte Boa,80.77,0,1551653145,79,-2.51,-66.09,80.77,5.41
Anantapur,69.16,0,1551653145,77,14.68,77.61,69.16,2.17
Belen,50.0,75,1551653074,100,36.49,36.19,50.0,4.7
Dwarka,62.73,20,1551651307,100,28.58,77.04,66.0,2.84
Nha Trang,73.4,20,1551650400,88,12.24,109.19,73.4,3.36
Sitka,10.99,56,1551652365,76,37.17,-99.65,10.99,11.01
Chuy,66.37,0,1551653052,82,-33.69,-53.46,66.37,11.23
Dhidhdhoo,81.53,24,1551653148,100,6.88,73.1,81.53,10.67
Novoagansk,27.85,80,1551653148,76,61.94,76.66,27.85,13.47
Sechura,79.24,24,1551653149,72,-5.56,-80.82,79.24,10.56
Seymchan,-6.04,56,1551653149,68,62.93,152.39,-6.04,9.55
Kavieng,85.09,8,1551653149,97,-2.57,150.8,85.09,3.96
Saint George,41.13,20,1551649800,86,39.45,22.34,42.8,1.28
Shimoda,47.86,92,1551653112,90,34.7,138.93,50.0,24.09
Sisimiut,-2.04,48,1551653151,57,66.94,-53.67,-2.04,1.95
Zemio,68.08,12,1551653151,74,5.02,25.13,68.08,2.84
Kedrovoye,19.4,75,1551650400,79,57.16,60.57,19.4,22.37
Jining,38.15,0,1551653152,75,35.41,116.58,38.15,10.45
Pouembout,80.05,24,1551653152,81,-21.12,164.9,80.05,8.99
Vao,22.72,88,1551653153,87,59.1,26.19,22.72,7.99
Carnarvon,57.19,0,1551652927,58,-30.97,22.13,57.19,3.4
Bonthe,78.16,8,1551653153,80,7.53,-12.5,78.16,5.08
Esperance,74.3,75,1551653139,88,10.24,-61.45,75.2,12.75
Zaysan,21.05,80,1551653161,85,47.47,84.87,21.05,1.28
Kirakira,81.71,76,1551653091,100,-10.46,161.92,81.71,8.88
La Ronge,8.6,90,1551650400,60,55.1,-105.3,8.6,16.11
Cockburn Town,78.07,0,1551653101,96,21.46,-71.14,78.07,18.84
Praia,76.05,0,1551650400,61,-20.25,-43.81,77.0,6.93
Agadez,62.05,0,1551653164,27,16.97,7.99,62.05,8.1
Taltal,64.16,0,1551653167,74,-25.41,-70.49,64.16,2.62
Bereda,53.94,40,1551653042,71,43.27,-7.54,55.99,14.99
Barrow,73.57,92,1551653168,55,-38.31,-60.23,73.57,15.48
Shache,24.16,44,1551653169,73,38.42,77.24,24.16,1.39
San Felipe,75.99,0,1551653164,40,-32.75,-70.73,75.99,1.99
Marsa Matruh,55.03,92,1551653170,77,31.35,27.25,55.03,6.87
Vestmannaeyjar,37.57,80,1551653170,95,63.44,-20.27,37.57,13.8
Zyryanka,-11.49,8,1551653180,56,65.73,150.89,-11.49,4.07
Belmonte,54.0,92,1551653121,84,40.36,-7.35,54.0,11.99
Caravelas,83.51,56,1551652976,100,-17.73,-39.27,83.51,13.13
Taft,77.71,92,1551653184,99,11.9,125.42,77.71,7.76
Bethel,30.16,1,1551650160,80,60.79,-161.76,32.0,12.75
Norman Wells,5.0,5,1551650400,54,65.28,-126.83,5.0,2.24
Palu,69.56,24,1551653189,88,-0.9,119.87,69.56,2.17
Fortuna,53.28,0,1551653136,76,38.18,-1.13,60.01,2.24
Atar,61.55,0,1551653190,23,20.52,-13.05,61.55,8.88
Lagoa,54.18,0,1551653147,71,37.14,-8.45,57.2,8.05
Awjilah,49.99,0,1551653195,78,29.14,21.3,49.99,7.99
Villa Maria,59.0,75,1551650400,82,4.5,-74.09,59.0,5.82
Waipawa,72.0,0,1551652756,56,-39.94,176.59,72.0,3.0
Rocha,67.31,0,1551653197,56,-34.48,-54.34,67.31,10.78
Tianpeng,43.69,56,1551653197,95,28.88,112.34,43.69,4.41
Honningsvag,21.2,75,1551649800,85,70.98,25.97,21.2,28.86
Avarua,84.2,68,1551650400,70,-21.21,-159.78,84.2,6.93
Kieta,82.7,24,1551653198,94,-6.22,155.63,82.7,2.73
Fillan,33.84,75,1551653190,74,63.6,8.98,36.0,14.99
Anadyr,30.09,90,1551652992,92,64.73,177.51,30.2,40.26
Mar del Plata,60.65,24,1551653053,42,-46.43,-67.52,60.65,18.39
Lavrentiya,28.43,88,1551653199,95,65.58,-170.99,28.43,34.61
Kindersley,4.14,20,1551652941,65,51.47,-109.16,5.0,28.86
Flinders,76.53,0,1551653183,69,-34.58,150.85,79.0,8.05
Hrodna,44.18,92,1551653200,93,53.68,23.83,44.18,17.38
Lumberton,52.93,90,1551653107,71,30.27,-94.2,55.4,19.46
Petropavlovsk-Kamchatskiy,8.6,56,1551650400,60,53.05,158.65,8.6,8.95
Nampula,71.18,92,1551653201,97,-15.12,39.26,71.18,0.49
Tasiilaq,23.0,92,1551649800,73,65.61,-37.64,23.0,18.34
Arraial do Cabo,78.79,88,1551653202,95,-22.97,-42.02,78.79,7.2
Puerto Cabezas,82.4,40,1551650400,88,14.04,-83.39,82.4,6.93
Manuk Mangkaw,82.21,0,1551653202,97,4.8,119.85,82.21,6.76
Santa Cruz do Rio Pardo,71.95,76,1551653203,92,-22.91,-49.63,71.95,8.66
Guerrero Negro,63.8,0,1551653203,71,27.97,-114.04,63.8,16.37
Pochutla,86.81,20,1551653128,58,15.74,-96.47,89.01,11.41
Chokurdakh,-10.41,44,1551653204,71,70.62,147.9,-10.41,5.86
Impfondo,74.83,36,1551653205,93,1.62,18.06,74.83,3.62
Codrington,73.58,40,1551652736,83,-28.95,153.24,77.0,5.19
Puerto Colombia,80.6,0,1551650400,69,10.99,-74.96,80.6,16.11
Bitung,71.6,20,1551652200,94,1.44,125.19,71.6,1.12
Alice Springs,75.2,32,1551650400,25,-23.7,133.88,75.2,4.7
Cap Malheureux,80.33,40,1551653046,83,-19.98,57.61,80.6,6.93
Kaoma,69.7,8,1551653207,54,-14.8,24.8,69.7,6.08
Fort Payne,43.18,90,1551653178,93,34.44,-85.72,46.99,11.41
Shelburne,23.18,90,1551653207,79,44.08,-80.2,28.0,5.82
Tarakan,77.0,20,1551650400,88,3.3,117.63,77.0,2.24
Hailey,23.32,5,1551652363,68,43.52,-114.32,24.8,5.82
Aklavik,12.2,75,1551650400,51,68.22,-135.01,12.2,3.36
Luganville,84.91,0,1551653209,91,-15.51,167.18,84.91,7.65
Nome,52.72,90,1551653201,71,30.04,-94.42,55.4,19.46
Saint-Leu,75.34,0,1551653203,69,-21.15,55.28,80.6,8.05
Roebourne,85.36,88,1551653210,42,-20.77,117.15,85.36,2.84
Yar-Sale,4.54,80,1551653211,85,66.83,70.83,4.54,23.87
Susehri,15.16,56,1551653211,89,40.16,38.09,15.16,1.61
Lososina,17.36,0,1551653211,83,49.0,140.31,17.36,2.84
Victoria,78.01,75,1551650400,100,5.28,115.24,78.8,4.29
Mumford,81.31,64,1551653212,85,5.26,-0.76,81.31,11.01
Sibolga,67.18,0,1551653212,100,1.74,98.78,67.18,2.17
Sayyan,43.1,8,1551653213,85,15.17,44.32,43.1,2.62
Cidreira,73.66,20,1551653213,79,-30.17,-50.22,73.66,11.01
Kununurra,77.0,0,1551650400,94,-15.77,128.74,77.0,2.24
Maues,81.76,8,1551653214,76,-3.38,-57.72,81.76,5.19
Ulladulla,75.2,0,1551650400,69,-35.36,150.48,75.2,8.05
Kaeo,77.56,24,1551652684,48,-35.1,173.78,79.0,1.99
Akdepe,37.38,0,1551650400,80,42.05,59.39,39.2,18.34
Chapleau,6.8,90,1551650940,77,47.85,-83.4,6.8,8.05
Jizan,80.6,0,1551650400,61,16.89,42.56,80.6,9.17
Umm Kaddadah,61.87,0,1551653219,27,13.6,26.69,61.87,5.08
Castro,53.6,90,1551650400,87,-42.48,-73.76,53.6,4.7
Constitucion,84.11,20,1551652816,7,23.99,-104.67,84.2,6.93
Formosa,91.4,20,1551650400,49,-26.19,-58.17,91.4,5.82
Grand Gaube,80.33,40,1551652747,83,-20.01,57.66,80.6,6.93
Berkak,30.61,20,1551653116,86,62.83,10.01,32.0,1.01
Tuatapere,68.0,56,1551652805,56,-46.13,167.69,68.0,8.01
Xining,10.88,20,1551653221,66,36.62,101.77,10.88,2.51
Dzhalil,15.65,64,1551653223,86,55.02,52.74,15.65,13.47
Conde,82.16,88,1551652951,83,-11.81,-37.61,82.16,9.89
Fort Nelson,15.8,5,1551650400,40,58.81,-122.69,15.8,2.39
Mahebourg,80.26,40,1551653046,83,-20.41,57.7,80.6,6.93
Kloulklubed,78.8,75,1551649800,83,7.04,134.26,78.8,6.93
Woodstock,23.99,90,1551653224,85,43.13,-80.75,26.01,9.17
Hervey Bay,78.66,90,1551653108,78,-25.3,152.85,82.0,12.75
Saldanha,51.83,88,1551653064,82,41.42,-6.55,51.83,13.47
Opuwo,62.14,0,1551653231,51,-18.06,13.84,62.14,3.96
Luderitz,63.08,8,1551653232,79,-26.65,15.16,63.08,17.83
Verkhnyaya Inta,-7.8,44,1551653232,60,65.99,60.32,-7.8,2.95
Tula,28.48,88,1551653233,91,54.19,37.62,28.48,13.8
Labuhan,77.35,8,1551653233,86,-2.54,115.51,77.35,2.28
Faanui,83.51,12,1551653233,100,-16.48,-151.75,83.51,3.62
Srednekolymsk,-13.42,32,1551653234,61,67.46,153.71,-13.42,2.62
Shitanjing,15.7,0,1551653234,61,39.23,106.34,15.7,2.39
Chicama,77.0,90,1551650400,83,-7.84,-79.15,77.0,10.29
Verkh-Usugli,11.65,0,1551653235,62,52.7,115.17,11.65,5.19
Tual,78.88,64,1551653235,100,-5.67,132.75,78.88,10.67
Port Hardy,33.8,90,1551650400,74,50.7,-127.42,33.8,24.16
Mayo,8.6,20,1551650400,46,63.59,-135.9,8.6,2.24
Nerchinskiy Zavod,16.46,64,1551653236,69,51.31,119.61,16.46,2.28
Kruisfontein,60.52,0,1551653058,84,-34.0,24.73,60.52,6.42
Yeppoon,77.0,40,1551650400,65,-23.13,150.74,77.0,11.41
Uglekamensk,33.79,0,1551653237,49,43.22,133.23,33.79,3.74
Paysandu,82.0,24,1551653204,66,-32.32,-58.08,82.0,4.0
Ostrovnoy,-2.62,36,1551653006,69,68.05,39.51,-2.62,6.2
Samarai,82.39,0,1551653027,100,-10.62,150.67,82.39,4.41
Warrnambool,64.99,8,1551652930,87,-38.38,142.48,64.99,4.41
Jardim,78.25,0,1551653248,58,-21.48,-56.15,78.25,6.42
Port Elizabeth,34.79,90,1551653225,93,39.31,-74.98,39.0,10.29
Khyriv,42.01,48,1551653082,73,49.53,22.85,42.01,10.0
Tornio,16.05,90,1551653176,85,61.12,27.27,19.4,9.17
Vanavara,2.47,0,1551653249,65,60.35,102.28,2.47,3.4
Lata,28.03,0,1551653250,88,30.78,78.62,28.03,2.51
Kurumkan,11.2,64,1551653250,88,54.33,110.32,11.2,1.95
Haimen,42.75,0,1551653237,77,31.87,121.18,45.0,1.99
Airai,75.82,8,1551652712,82,-8.93,125.41,75.82,1.61
Hastings,69.65,0,1551652997,90,-39.64,176.84,69.65,5.41
Flin Flon,6.8,90,1551650400,55,54.77,-101.88,6.8,14.99
Kudahuvadhoo,82.84,64,1551653251,98,2.67,72.89,82.84,14.81
Sinnamary,80.63,92,1551653252,88,5.38,-52.96,80.63,12.35
Thunder Bay,4.41,20,1551653195,38,48.41,-89.26,5.0,12.75
Hearst,3.55,32,1551653076,53,49.69,-83.67,3.55,2.62
Walvis Bay,65.46,36,1551650529,82,-22.95,14.51,66.99,8.05
Shaunavon,-5.37,0,1551653253,75,49.65,-108.41,-5.37,15.03
Finschhafen,78.52,48,1551653253,85,-6.6,147.85,78.52,2.17
Ileza,0.35,0,1551653254,71,61.05,43.9,0.35,6.2
Kotma,59.75,88,1551653254,97,23.2,81.98,59.75,2.62
Yanam,75.23,8,1551653254,86,16.73,82.22,75.23,5.41
Korba,61.78,8,1551653105,96,22.35,82.71,61.78,2.17
Requena,58.23,0,1551653045,44,39.49,-1.1,64.99,4.7
Neiafu,82.4,75,1551650400,83,-18.65,-173.98,82.4,5.3
Itirucu,76.09,24,1551653255,74,-13.53,-40.15,76.09,9.89
Sorong,81.22,56,1551653256,100,-0.86,131.25,81.22,11.01
Porto Novo,69.8,75,1551650400,100,-23.68,-45.44,69.8,6.93
Antofagasta,69.8,20,1551650400,68,-23.65,-70.4,69.8,14.99
Kawalu,68.66,92,1551653256,97,-7.38,108.21,68.66,2.39
Bambous Virieux,80.28,40,1551653046,83,-20.34,57.76,80.6,6.93
Khujner,58.81,8,1551653257,56,23.78,76.6,58.81,7.09
Vrangel,35.59,8,1551653258,94,42.73,133.08,35.59,10.78
Boyolangu,73.3,80,1551653258,95,-8.09,111.9,73.3,3.18
Fengzhen,28.12,24,1551653258,62,40.43,113.15,28.12,2.95
Seoul,36.63,1,1551652200,69,37.57,126.98,39.2,1.12
Vadso,10.29,40,1551651600,66,70.07,29.75,14.0,13.58
Tiassale,80.05,0,1551653259,62,5.9,-4.83,80.05,10.22
Puerto del Rosario,65.17,75,1551650400,68,28.5,-13.86,66.2,16.11
Sikasso,60.7,0,1551653260,64,11.32,-5.68,60.7,3.18
Inhambane,80.45,36,1551653260,91,-23.87,35.38,80.45,8.66
Cairns,75.02,40,1551652818,83,-16.92,145.77,79.0,9.17
Bukoba,64.88,64,1551653261,100,-1.33,31.81,64.88,6.42
Vardo,32.09,90,1551653023,80,39.62,-77.74,34.0,8.05
Longyearbyen,-4.01,75,1551649800,70,78.22,15.63,-4.01,6.93
Vilhena,73.93,32,1551653262,94,-12.74,-60.15,73.93,2.17
Bilibino,-8.07,68,1551653262,60,68.06,166.44,-8.07,3.06
Nkowakowa,62.6,0,1551650400,88,-23.89,30.29,62.6,9.17
Dingle,77.62,56,1551653263,84,11.0,122.67,77.62,8.1
Port Augusta,73.94,40,1551652731,77,-32.49,137.76,78.01,9.17
Longyan,45.85,0,1551653263,89,25.1,117.03,45.85,2.62
Klaksvik,42.8,92,1551651600,81,62.23,-6.59,42.8,6.93
Yumen,18.22,0,1551653264,62,40.29,97.04,18.22,4.97
Jumla,11.33,0,1551653265,100,29.28,82.18,11.33,2.28
Kano,70.69,0,1551653265,60,11.99,8.53,70.69,2.73
Marica,75.27,90,1551650400,100,-22.92,-42.82,77.0,1.12
Hasaki,49.98,75,1551652476,93,35.73,140.83,51.8,18.34
Male,30.19,76,1551653027,86,50.74,33.7,30.19,17.49
Padang,75.2,40,1551650400,100,-0.92,100.36,75.2,5.82
Batagay-Alyta,-22.56,24,1551653267,30,67.8,130.41,-22.56,2.62
Miraflores,54.76,80,1551653268,90,5.2,-73.14,54.76,2.06
Alofi,86.0,92,1551650400,66,-19.06,-169.92,86.0,4.7
Makakilo City,76.14,20,1551653207,39,21.35,-158.09,78.8,6.93
Dullewala,38.38,0,1551653270,84,31.84,71.44,38.38,2.84
Gasa,-5.82,36,1551653270,45,27.91,89.73,-5.82,0.6
Aketi,74.29,0,1551653270,86,2.74,23.78,74.29,2.06
Crestline,26.08,90,1551653108,100,40.79,-82.74,28.4,9.17
Vytegra,2.83,20,1551653271,64,61.01,36.45,2.83,2.73
Neuquen,82.4,0,1551650400,21,-38.95,-68.06,82.4,6.93
Laje,76.31,100,1551653272,77,-13.18,-39.42,76.31,10.0
Pevek,4.4,68,1551653273,87,69.7,170.27,4.4,9.22
Whitehorse,19.69,20,1551653120,40,60.72,-135.06,21.99,6.93
Milkovo,43.39,90,1551652684,93,41.53,24.68,46.0,1.12
Geraldton,-0.41,40,1551650400,49,49.72,-86.95,-0.41,9.17
Nokaneng,83.38,92,1551653277,55,-19.66,22.19,83.38,3.18
Upata,84.99,92,1551652263,62,8.02,-62.41,84.99,5.01
Xochitlan,84.99,8,1551652817,28,18.7,-97.78,84.99,5.01
Hobyo,77.17,88,1551653278,91,5.35,48.53,77.17,11.34
Henties Bay,66.99,8,1551650529,85,-22.12,14.28,66.99,1.99
Road Town,77.5,40,1551652987,65,18.42,-64.62,80.6,8.05
Sampit,76.9,12,1551653279,95,-2.54,112.95,76.9,4.63
Fethiye,45.77,40,1551652696,93,36.62,29.12,46.4,4.7
Palmer,71.28,0,1551653224,56,-34.85,139.16,75.0,5.82
Blythe,76.86,1,1551653199,26,33.61,-114.59,78.8,9.17
Yenagoa,77.48,68,1551653283,89,4.92,6.26,77.48,6.76
Robertsport,81.26,0,1551653284,100,6.75,-11.37,81.26,9.55
Buraydah,53.6,0,1551650400,62,26.33,43.97,53.6,5.82
Prince Rupert,41.0,1,1551650400,13,54.32,-130.32,41.0,4.7
San Cristobal,62.01,75,1551653188,87,-0.39,-78.55,68.0,2.24
Goderich,20.43,80,1551653234,92,43.74,-81.71,21.99,5.99
Wageningen,54.27,90,1551653283,76,51.98,5.66,55.99,17.22
Ucluelet,43.25,75,1551653034,45,48.94,-125.55,46.99,11.41
Sabla,74.47,36,1551653286,33,12.75,4.71,74.47,4.18
Beringovskiy,33.56,56,1551653286,92,63.05,179.32,33.56,17.83
Markova,20.39,0,1551652830,85,52.21,104.21,21.0,2.24
Umtata,60.8,0,1551650400,100,-31.59,28.78,60.8,4.7
Batsfjord,12.25,40,1551651600,72,70.63,29.72,14.0,23.04
Gimli,1.56,56,1551652806,75,50.63,-96.99,3.0,10.0
Le Port,48.96,20,1551653273,17,42.87,1.37,55.0,3.0
Kargasok,29.47,80,1551653289,75,59.06,80.87,29.47,11.45
Bakel,64.03,0,1551653289,25,14.9,-12.46,64.03,8.99
Suba,46.3,92,1551653289,100,28.73,103.51,46.3,2.17
Naron,55.2,40,1551653192,71,43.52,-8.15,57.0,14.99
Omboue,83.83,92,1551653291,99,-1.57,9.26,83.83,8.77
Qaqortoq,28.4,88,1551649800,50,60.72,-46.03,28.4,6.93
Manbij,44.83,75,1551651600,93,36.53,37.96,45.0,4.85
Cayenne,78.8,88,1551652200,74,4.94,-52.33,78.8,4.7
Rondonopolis,78.52,24,1551653292,79,-16.46,-54.64,78.52,2.84
Alberton,65.89,0,1551653189,72,-26.25,28.13,68.0,2.73
Langxiang,23.71,8,1551653292,71,46.95,128.87,23.71,1.39
Rehoboth,62.5,0,1551653293,46,-23.31,17.08,62.5,3.96
Pokrovsk,23.93,36,1551653073,80,48.28,37.18,23.93,12.91
Byron Bay,74.91,40,1551652828,83,-28.65,153.62,80.01,6.93
Conceicao do Araguaia,75.73,32,1551653294,94,-8.26,-49.26,75.73,5.75
Barra do Garcas,73.12,20,1551653294,92,-15.89,-52.26,73.12,4.85
Bilma,55.3,0,1551653295,25,18.69,12.92,55.3,9.78
Montepuez,71.68,80,1551653186,97,-13.13,39.0,71.68,5.75
Semey,19.39,56,1551653295,88,50.41,80.25,19.39,5.3
Sri Aman,75.2,88,1551650400,94,1.24,111.46,75.2,2.24
Orlik,-8.52,0,1551653296,51,52.51,99.83,-8.52,1.95
Lahij,72.31,92,1551653296,91,13.06,44.88,72.31,2.28
Tura,53.36,0,1551653278,82,25.52,90.21,53.36,3.29
Liwale,70.24,44,1551652998,95,-9.8,37.92,70.24,2.17
Hithadhoo,83.6,88,1551653043,99,-0.6,73.08,83.6,11.23
Touros,80.6,75,1551650400,88,-5.2,-35.46,80.6,4.7
Darab,26.77,0,1551653298,75,28.75,54.55,26.77,2.17
Lakes Entrance,72.01,0,1551653135,77,-37.88,147.99,75.99,1.01
Stokmarknes,20.17,40,1551653211,62,68.56,14.91,23.0,13.87
Kidal,55.66,0,1551653299,32,18.44,1.41,55.66,5.19
Oxford,46.85,90,1551653212,93,33.61,-85.83,57.2,17.22
Courtenay,51.33,32,1551653106,87,48.04,3.06,53.01,19.46
Gwadar,62.05,0,1551653301,98,25.12,62.33,62.05,6.2
Sihor,67.27,0,1551653301,72,21.72,71.96,67.27,6.98
Taloqan,32.66,56,1551653302,88,36.74,69.54,32.66,2.17
Maposeni,66.2,40,1551650400,93,-10.58,35.4,66.2,2.17
Aginskoye,20.74,56,1551653303,62,51.11,114.54,20.74,7.09
Matadi,75.46,76,1551653304,100,-5.83,13.46,75.46,2.84
Comodoro Rivadavia,68.0,75,1551650400,79,-45.87,-67.48,68.0,19.46
Itarema,74.6,88,1551653313,99,-2.92,-39.92,74.6,1.61
Souillac,60.78,0,1551653288,38,45.6,-0.6,62.01,12.75
Havre-Saint-Pierre,17.6,20,1551650400,61,50.23,-63.6,17.6,10.29
Bandarbeyla,77.53,88,1551653314,100,9.49,50.81,77.53,12.91
Moose Factory,3.2,75,1551650400,59,51.26,-80.61,3.2,10.29
Ust-Nera,-31.87,8,1551653315,48,64.57,143.24,-31.87,2.17
Nioro,70.1,0,1551653315,26,13.79,-15.05,70.1,11.01
Tecoanapa,82.4,5,1551649740,74,16.99,-99.26,82.4,13.87
Rypefjord,26.11,90,1551651600,92,70.63,23.67,26.6,39.15
Beian,31.75,75,1551653190,74,63.66,9.57,36.0,14.99
Alekseyevsk,2.2,0,1551653317,65,57.84,108.35,2.2,2.17
Sola,15.12,90,1551653225,85,62.78,29.36,16.0,3.36
Port-Gentil,82.4,75,1551650400,78,-0.72,8.78,82.4,5.82
Hofn,36.67,80,1551653318,100,64.25,-15.21,36.67,37.4
Dunedin,64.99,0,1551653191,72,-45.87,170.5,64.99,10.0
Chipata,60.52,12,1551653322,82,-13.64,32.65,60.52,3.62
Saint Anthony,26.29,1,1551653120,53,43.97,-111.68,28.99,3.36
Havelock,63.05,75,1551653220,77,34.88,-76.9,68.0,4.7
Aksarka,-3.52,80,1551653323,74,66.56,67.8,-3.52,23.53
San Severo,39.46,0,1551653323,87,41.69,15.38,39.46,2.95
Tiznit,52.42,0,1551653324,93,29.7,-9.73,52.42,3.62
Mareeba,75.52,40,1551653281,83,-16.99,145.42,79.0,9.17
Bagaha,51.11,24,1551653327,84,27.1,84.09,51.11,2.73
Taybad,37.93,12,1551653328,92,34.74,60.78,37.93,3.62
Amga,-11.17,12,1551653328,71,60.89,131.98,-11.17,2.73
Malacky,41.92,0,1551653317,81,48.43,17.02,46.99,5.82
Port Macquarie,73.33,100,1551653045,78,-31.43,152.91,77.0,4.85
Dongying,36.85,0,1551653329,77,37.43,118.67,36.85,2.95
Sayat,48.2,0,1551650400,87,38.78,63.88,48.2,4.7
Lianzhou,48.55,92,1551653330,98,24.79,112.38,48.55,2.62
Collierville,34.54,90,1551653297,80,35.04,-89.66,36.0,8.05
Dudinka,-5.55,36,1551653331,55,69.41,86.18,-5.55,10.45
Trelew,73.39,100,1551653331,26,-43.25,-65.31,73.39,6.76
Santa Maria del Oro,78.52,0,1551653332,13,25.95,-105.37,78.52,10.22
Grootfontein,67.85,44,1551653332,68,-19.56,18.1,67.85,3.96
San Martin,55.98,90,1551653303,76,37.08,-121.61,61.0,8.05
Lake Havasu City,74.21,1,1551653185,31,34.47,-114.34,77.0,10.29
Rabo de Peixe,57.02,40,1551653293,62,37.8,-25.58,59.0,9.17
Batticaloa,75.95,8,1551653334,100,7.71,81.69,75.95,0.94
Kedrovyy,21.2,36,1551650400,92,56.17,91.82,21.2,4.47
Clyde River,-7.61,1,1551650400,83,70.47,-68.59,-7.61,4.7
Praia da Vitoria,56.71,75,1551650400,82,38.73,-27.07,57.0,13.24
Keetmanshoop,72.08,0,1551653336,36,-26.57,18.15,72.08,8.99
Taga,48.7,75,1551653205,93,35.21,136.34,50.0,5.82
Chatrapur,78.07,24,1551653337,100,19.35,84.98,78.07,15.48
San Jose,70.91,48,1551653338,93,15.79,120.99,70.91,2.73
Vestmanna,42.8,92,1551651600,81,62.16,-7.17,42.8,6.93
Uddiawan,66.82,64,1551653339,83,16.56,121.15,66.82,2.95
San Patricio,77.08,0,1551653339,74,-26.98,-56.83,77.08,2.51
Tokur,4.99,12,1551653221,70,53.13,132.9,4.99,2.28
Northam,43.52,20,1551653226,81,51.04,-4.21,46.4,4.7
Wahiawa,76.03,40,1551653318,49,21.5,-158.02,78.8,11.41
Laguna,87.8,5,1551649200,22,27.52,-110.01,87.8,14.99
Bereslavka,27.22,8,1551653341,89,47.89,32.29,27.22,12.68
Abong Mbang,70.87,80,1551653342,93,3.98,13.18,70.87,3.51
Santo Augusto,70.73,0,1551653342,67,-27.85,-53.78,70.73,6.76
Sakaiminato,47.41,90,1551653319,81,35.55,133.23,48.2,16.11
Luanda,80.6,40,1551650400,83,-8.83,13.24,80.6,6.93
Cercal,53.02,92,1551653212,94,37.8,-8.67,57.0,1.99
Ishigaki,68.0,75,1551650400,77,24.34,124.16,68.0,13.87
Camacha,60.8,0,1551650400,77,33.08,-16.33,60.8,6.93
Tilichiki,19.93,80,1551653345,84,60.47,166.1,19.93,4.85
Maniitsoq,15.79,64,1551653345,82,65.42,-52.9,15.79,1.61
Ola,0.4,0,1551653345,100,59.58,151.3,0.4,9.22
Cayambe,60.8,75,1551650400,87,0.04,-78.14,60.8,2.24
Nianzishan,27.8,0,1551653346,55,47.51,122.88,27.8,2.73
Cairo Montenotte,48.99,20,1551653345,87,44.4,8.27,55.4,3.36
Valle de Allende,79.42,0,1551653347,15,26.94,-105.39,79.42,4.97
Pinawa,3.5,56,1551653171,71,50.15,-95.88,3.5,12.24
Chapayeve,30.2,0,1551650400,68,49.37,35.87,30.2,13.42
Dubno,42.01,92,1551651037,68,50.42,25.75,42.01,3.0
Fiumicino,46.87,40,1551653344,93,41.77,12.23,52.0,2.24
Severo-Yeniseyskiy,17.86,80,1551653348,83,60.37,93.04,17.86,6.98
Arman,5.93,0,1551653105,54,59.7,150.17,5.93,12.46
Bonavista,23.0,88,1551653261,79,48.65,-53.11,23.0,1.01
Yulara,78.8,0,1551650400,24,-25.24,130.99,78.8,11.41
Point Fortin,74.3,75,1551653168,88,10.16,-61.68,75.2,12.75
Shumyachi,31.9,92,1551653350,95,53.86,32.43,31.9,13.02
Adre,66.23,36,1551653350,49,13.47,22.2,66.23,3.62
Katobu,76.13,92,1551653351,100,-4.94,122.53,76.13,2.51
Hualmay,71.81,32,1551653351,78,-11.1,-77.61,71.81,4.29
Atasu,31.13,88,1551653354,90,48.68,71.64,31.13,15.7
Vila Velha,80.87,40,1551653292,78,-3.71,-38.6,81.0,4.7
Portland,39.96,20,1551650486,27,45.52,-122.67,44.6,21.92
Aswan,46.93,0,1551653355,68,24.09,32.9,46.93,2.73
Shizukuishi,30.2,75,1551650400,86,39.7,140.98,30.2,3.36
Arlit,57.41,0,1551653356,34,18.74,7.39,57.41,5.97
Clarksburg,33.1,90,1551653121,98,39.24,-77.28,35.01,5.82
Koulikoro,71.6,0,1551652200,17,12.86,-7.56,71.6,4.7
Tshikapa,73.12,48,1551653357,97,-6.42,20.79,73.12,1.83
Rawson,73.39,100,1551653357,26,-43.3,-65.11,73.39,6.76
Dickinson,-1.02,90,1551653109,70,46.88,-102.79,-0.01,34.45
Shubarshi,13.13,64,1551653358,80,48.59,57.19,13.13,10.45
Vadinsk,26.18,80,1551653358,91,53.69,43.04,26.18,15.82
Guantanamo,79.1,8,1551653358,82,-16.14,-62.05,79.1,3.18
Sumbe,78.11,92,1551653359,100,-11.2,13.84,78.11,4.74
Toamasina,78.8,40,1551650400,94,-18.17,49.38,78.8,2.39
Karratha,85.36,88,1551653359,42,-20.74,116.85,85.36,2.84
Fushan,55.4,0,1551650400,93,23.86,116.89,55.4,3.74
Agua Dulce,95.0,5,1551649260,47,18.14,-94.15,95.0,2.62
Fort Dodge,-1.31,75,1551653012,64,42.5,-94.17,-0.01,13.87
Santa Maria,78.8,0,1551650400,74,-29.69,-53.81,78.8,5.82
Fukue,48.83,75,1551653205,93,35.03,136.69,50.0,5.82
Hamada,48.0,92,1551652716,69,34.9,132.08,48.0,10.67
Pundaguitan,77.66,92,1551653362,100,6.37,126.17,77.66,5.3
Hyeres,45.7,75,1551653352,87,43.12,6.14,53.01,1.12
Ingham,76.36,80,1551653284,100,-18.65,146.16,76.36,13.58
Akhmim,42.79,0,1551653363,53,26.56,31.74,42.79,3.4
Ambulu,80.77,44,1551653363,100,-8.35,113.61,80.77,5.41
Grojec,47.44,20,1551653345,75,50.09,19.57,50.0,4.7
Berdigestyakh,-3.57,44,1551653364,62,62.1,126.7,-3.57,3.29
Asino,28.16,80,1551653364,86,57.0,86.14,28.16,13.24
General Roca,82.4,0,1551650400,21,-39.03,-67.58,82.4,6.93
Rio Gallegos,59.0,40,1551650400,26,-51.62,-69.22,59.0,13.87
Gao,58.45,0,1551653365,43,16.28,-0.04,58.45,4.63
Daru,73.75,0,1551653366,61,7.99,-10.85,73.75,6.98
Pangody,17.81,88,1551653366,79,65.85,74.49,17.81,17.49
Mujiayingzi,26.36,0,1551653366,76,42.12,118.78,26.36,2.51
Polovinnoye,23.03,80,1551653367,89,54.79,65.99,23.03,19.51
Gravdal,42.06,90,1551653289,87,59.79,5.78,45.0,11.41
Binga,75.86,0,1551653367,80,-17.62,27.34,75.86,2.62
Bayir,44.49,0,1551651600,75,37.27,28.22,46.4,3.36
Morondava,78.38,88,1551653119,99,-20.3,44.28,78.38,4.97
Jawhar,64.84,88,1551653368,95,19.91,73.23,64.84,2.73
Bad Mergentheim,49.37,40,1551653308,66,49.49,9.77,52.0,12.75
Petrolina,86.0,0,1551650400,48,-9.38,-40.5,86.0,4.7
Sarkikaraagac,31.63,80,1551653369,100,38.08,31.37,31.63,2.17
Las Vegas,67.55,20,1551652849,30,36.17,-115.15,69.8,10.29
Ayagoz,21.37,76,1551653369,95,47.96,80.43,21.37,2.62
Kupang,75.2,20,1551650400,88,-10.16,123.6,75.2,3.36
Sao Joao da Barra,80.6,20,1551650400,83,-21.64,-41.05,80.6,9.17
Mount Isa,80.6,0,1551650400,51,-20.73,139.49,80.6,7.87
Noumea,84.2,75,1551652200,74,-22.28,166.46,84.2,5.82
Saint-Pierre,52.83,75,1551653225,76,48.95,4.24,55.4,24.16
Baykit,4.18,12,1551653372,58,61.68,96.39,4.18,5.97
Karlivka,27.85,20,1551653372,74,49.46,35.11,27.85,15.03
Itamaraca,79.63,40,1551650400,78,-7.75,-34.83,80.6,4.7
Jalu,49.9,0,1551653372,71,29.03,21.55,49.9,8.66
Xiamen,59.0,90,1551650400,100,24.46,118.07,59.0,8.95
Bathsheba,78.8,20,1551650400,69,13.22,-59.52,78.8,19.46
La Asuncion,49.18,56,1551653374,98,-1.64,-78.74,49.18,1.28
Stromness,25.88,90,1551653337,79,42.87,-79.55,28.99,9.17
Santa Marinella,48.42,40,1551653315,93,42.04,11.87,53.01,2.24
Pinsk,43.55,92,1551653375,93,52.11,26.1,43.55,19.73
Pozo Colorado,84.05,0,1551653375,60,-23.49,-58.8,84.05,5.97
Cabo San Lucas,80.98,5,1551652840,36,22.89,-109.91,86.0,4.7
Harbour Breton,26.01,80,1551652700,100,47.48,-55.8,26.01,15.14
Kailua,76.03,1,1551653318,64,21.39,-157.74,78.8,11.41
Delhi,62.76,20,1551651307,100,28.65,77.22,66.0,3.06
Kulhudhuffushi,81.53,24,1551653376,100,6.62,73.07,81.53,10.67
Udachnyy,6.97,56,1551653376,81,66.42,112.4,6.97,5.3
